name,address,rating,price,review_count,station_idx,distance,lat_lon
Depot,86 Federal St,4.5,3,294,0,873.0042880685842,"-36.8489969,174.7625058"
Federal Delicatessen,86 Federal St,4.5,2,201,0,873.0042880685842,"-36.8489969,174.7625058"
Woodpecker Hill,196 Parnell Rd,4.5,3,26,0,859.9294866965904,"-36.8546219,174.7801666"
Mamak,50 Kitchener St,4.5,1,60,0,612.381650948749,"-36.848316,174.76767"
Elliott Stables,39 Elliott St,4.5,2,72,0,717.3773275750312,"-36.8502509,174.7636168"
BannSang,1C/47 High St,4.5,2,55,0,682.8743290935159,"-36.8482228458385,174.766330253895"
Amano,66 - 68 Tyler St,4.5,3,67,0,972.1814381233811,"-36.844498,174.7703587"
Brew On Quay,102 Quay St,4.0,2,28,0,974.3800493119621,"-36.8444724,174.7706874"
Albert Park Cafe,18 Kitchener St,4.5,2,50,0,530.9693587073365,"-36.8498,174.7663"
That's Amore,1 Courthouse Ln,5.0,2,30,0,652.1706231863816,"-36.848159,174.767093"
Depot,86 Federal St,4.5,3,294,1,620.3817898738664,"-36.8489969,174.7625058"
Federal Delicatessen,86 Federal St,4.5,2,201,1,620.3817898738664,"-36.8489969,174.7625058"
Elliott Stables,39 Elliott St,4.5,2,72,1,482.2032901201236,"-36.8502509,174.7636168"
Tanuki's Cave,319b Queen Street,4.0,2,32,1,110.76225950089243,"-36.8535713,174.76316"
Le garde-manger,466 Queen St,4.5,2,33,1,144.6023877837847,"-36.8558117,174.7625738"
Da Vinci's Restaurant,5 City Rd,4.0,2,20,1,282.88566847658916,"-36.856983,174.763992"
Yummy Dumpling House,458 Queen St,4.5,-1,4,1,116.46609464625747,"-36.85558,174.7627"
Mamak,50 Kitchener St,4.5,1,60,1,808.3722050493435,"-36.848316,174.76767"
Citizen Q,305 Queen St,4.5,-1,3,1,134.80327622301058,"-36.8527489,174.7634735"
Odettes Eatery,90 Wellesley St West,4.5,2,45,1,674.0384072887712,"-36.84943,174.75905"
Depot,86 Federal St,4.5,3,294,2,682.4740712436953,"-36.8489969,174.7625058"
Federal Delicatessen,86 Federal St,4.5,2,201,2,682.4740712436953,"-36.8489969,174.7625058"
Elliott Stables,39 Elliott St,4.5,2,72,2,666.7873197111712,"-36.8502509,174.7636168"
Odettes Eatery,90 Wellesley St West,4.5,2,45,2,429.59257102291843,"-36.84943,174.75905"
Fondou Café,157 Hobson St,5.0,-1,13,2,353.67574837828283,"-36.8511499,174.75997"
1947 eatery,60 Federal St,4.5,3,27,2,807.4824234750511,"-36.84778,174.7629399"
Tony's Steak and Seafood,27 Wellesley St,4.0,3,45,2,627.7715460091847,"-36.8503720182206,174.763190593144"
Tanuki's Cave,319b Queen Street,4.0,2,32,2,516.5969897933298,"-36.8535713,174.76316"
The Brewers Co-Operative,128 Victoria St West,4.5,2,11,2,666.6922845258134,"-36.8478729852849,174.759786296195"
Da Vinci's Restaurant,5 City Rd,4.0,2,20,2,703.5905324522348,"-36.856983,174.763992"
Depot,86 Federal St,4.5,3,294,3,327.57464554946216,"-36.8489969,174.7625058"
Federal Delicatessen,86 Federal St,4.5,2,201,3,327.57464554946216,"-36.8489969,174.7625058"
Dr Rudi's Rooftop Brewing Co.,Level 3,4.0,2,42,3,424.9185590048855,"-36.8427136774233,174.763424696142"
Oyster And Chop,Market Square,4.0,3,54,3,360.68920197418424,"-36.8430815674653,174.76261156734"
Giraffe,85-87 Custom St West,4.5,-1,17,3,363.21553579507935,"-36.8432620522554,174.763249609362"
Federal & Wolfe,10 Federal St,4.5,2,92,3,277.00211455732517,"-36.8450102380783,174.764167070389"
Soul,Customs St West,4.5,4,56,3,360.92332531632604,"-36.8431576105319,174.762892557178"
1947 eatery,60 Federal St,4.5,3,27,3,233.49420750422817,"-36.84778,174.7629399"
Hello Beasty,95-97 Customs Street W,4.5,-1,13,3,345.4310332771844,"-36.8431763335408,174.762401189647"
Baduzzi,10-26 Jellicoe St,4.5,3,73,3,699.8530865667456,"-36.8409671759782,174.757016396741"
Depot,86 Federal St,4.5,3,294,4,426.9083982091401,"-36.8489969,174.7625058"
Mamak,50 Kitchener St,4.5,1,60,4,88.4553855801152,"-36.848316,174.76767"
Federal Delicatessen,86 Federal St,4.5,2,201,4,426.9083982091401,"-36.8489969,174.7625058"
Elliott Stables,39 Elliott St,4.5,2,72,4,414.5454764572934,"-36.8502509,174.7636168"
Amano,66 - 68 Tyler St,4.5,3,67,4,464.2270583432179,"-36.844498,174.7703587"
Dr Rudi's Rooftop Brewing Co.,Level 3,4.0,2,42,4,641.3638005614145,"-36.8427136774233,174.763424696142"
That's Amore,1 Courthouse Ln,5.0,2,30,4,50.28115544646156,"-36.848159,174.767093"
King Made Noodles,48 fort St,5.0,-1,8,4,248.2434168356569,"-36.84611,174.76898"
BannSang,1C/47 High St,4.5,2,55,4,84.17004461901632,"-36.8482228458385,174.766330253895"
Culprit,12 Wyndham St,5.0,-1,6,4,173.95372083304764,"-36.8472807369516,174.765146102108"
Ponsonby Central,136 Ponsonby Rd,4.5,2,34,5,296.2983534527629,"-36.8563463,174.7464387"
Orphan's Kitchen,118 Ponsonby Road,4.0,3,30,5,147.3193310511262,"-36.8572814,174.7476397"
Ponsonby Social Club,152 Ponsonby Road,4.0,2,8,5,373.88841850150163,"-36.8555687,174.7462358"
Pane & Vino,20 Williamson Ave,4.5,2,10,5,99.38908769107633,"-36.8589703,174.7480868"
Pedro's House of Lamb,6/4 Williamson Ave,5.0,3,3,5,21.430599724461313,"-36.8583585243259,174.748555253161"
Prego,226 Ponsonby Rd,4.5,3,40,5,713.1466479534504,"-36.8526775,174.7448075"
Cocoro,56a Brown Street,4.5,4,11,5,563.6292871007348,"-36.8564125,174.7428593"
Azabu,26 Ponsonby Rd,4.0,1,11,5,270.4452250208712,"-36.859206,174.751558830374"
Ohso Cafe,29 Crummer Road,4.5,2,11,5,198.55314348827744,"-36.8600196,174.7484027"
Saan,160 Ponsonby Rd,4.5,4,9,5,393.54279231909334,"-36.8554182769186,174.746118327506"
Ponsonby Central,136 Ponsonby Rd,4.5,2,34,6,11.154644154412612,"-36.8563463,174.7464387"
Ponsonby Social Club,152 Ponsonby Road,4.0,2,8,6,98.36336643483745,"-36.8555687,174.7462358"
Orphan's Kitchen,118 Ponsonby Road,4.0,3,30,6,138.0188993164862,"-36.8572814,174.7476397"
Prego,226 Ponsonby Rd,4.5,3,40,6,443.5199995302888,"-36.8526775,174.7448075"
Cocoro,56a Brown Street,4.5,4,11,6,325.5226703581535,"-36.8564125,174.7428593"
Saan,160 Ponsonby Rd,4.5,4,9,6,117.34864988959134,"-36.8554182769186,174.746118327506"
Dantes Pizza,136 Ponsonby Rd,4.5,2,49,6,30.024502945227997,"-36.8561777,174.7463797"
The Blue Breeze Inn,146 Ponsonby Road,4.0,3,41,6,73.48288141777034,"-36.8557926,174.7462742"
El Sizzling Chorizo,4 Brown Street,4.0,3,37,6,59.4619409469853,"-36.8560389,174.7460543"
Ponsonby Road Bistro,165 Ponsonby Road,4.5,3,19,6,227.20224286405062,"-36.8544083,174.746048"
Depot,86 Federal St,4.5,3,294,7,534.2021861189446,"-36.8489969,174.7625058"
Federal Delicatessen,86 Federal St,4.5,2,201,7,534.2021861189446,"-36.8489969,174.7625058"
Elliott Stables,39 Elliott St,4.5,2,72,7,365.61204597875917,"-36.8502509,174.7636168"
Mamak,50 Kitchener St,4.5,1,60,7,474.75922030514647,"-36.848316,174.76767"
BannSang,1C/47 High St,4.5,2,55,7,476.3733089799091,"-36.8482228458385,174.766330253895"
Tony's Steak and Seafood,27 Wellesley St,4.0,3,45,7,385.7101072876244,"-36.8503720182206,174.763190593144"
Tanuki's Cave,319b Queen Street,4.0,2,32,7,329.477615187633,"-36.8535713,174.76316"
1947 eatery,60 Federal St,4.5,3,27,7,608.1356006910289,"-36.84778,174.7629399"
Nandos,360 Queen St,4.0,1,10,7,231.12405213123924,"-36.8527473,174.7640337"
Citizen Q,305 Queen St,4.5,-1,3,7,311.344658629908,"-36.8527489,174.7634735"
Depot,86 Federal St,4.5,3,294,8,1134.152391127301,"-36.8489969,174.7625058"
Federal Delicatessen,86 Federal St,4.5,2,201,8,1134.152391127301,"-36.8489969,174.7625058"
Coco's Cantina,376 Karangahape Rd,4.0,3,28,8,25.893943979366895,"-36.8582254009656,174.756638306879"
Sri Pinang,356 Karangahape Road,4.0,1,19,8,45.2491430607954,"-36.8580818,174.7570038"
Cotto,375 Karangahape Rd,4.5,-1,6,8,9.515720272936013,"-36.85793,174.75649"
Madame George,490 Karangahape Road,4.5,2,4,8,213.04299231514142,"-36.8589126651521,174.75442317679"
Da Vinci's Restaurant,5 City Rd,4.0,2,20,8,673.2577807809349,"-36.856983,174.763992"
Peach Pit,352 Karangahape Road,4.5,-1,2,8,53.75000182389007,"-36.8580894,174.7570801"
Between Cafe & Eatery,82 Karangahape Rd,5.0,2,26,8,477.5206347571312,"-36.8581,174.7619"
Uncle Man,277 Karangahape Rd,4.0,1,20,8,161.75972205278768,"-36.8574846,174.7579437"
Depot,86 Federal St,4.5,3,294,9,1008.6921507965208,"-36.8489969,174.7625058"
Eight at Cordis,83 Symonds St,4.0,4,36,9,270.06509073580537,"-36.8574758965518,174.763995409012"
Between Cafe & Eatery,82 Karangahape Rd,5.0,2,26,9,78.43466452637875,"-36.8581,174.7619"
Da Vinci's Restaurant,5 City Rd,4.0,2,20,9,286.4574454314027,"-36.856983,174.763992"
Le garde-manger,466 Queen St,4.5,2,33,9,278.59055481792325,"-36.8558117,174.7625738"
Federal Delicatessen,86 Federal St,4.5,2,201,9,1008.6921507965208,"-36.8489969,174.7625058"
Elliott Stables,39 Elliott St,4.5,2,72,9,890.9251541677206,"-36.8502509,174.7636168"
Yummy Dumpling House,458 Queen St,4.5,-1,4,9,306.5265748149097,"-36.85558,174.7627"
Bestie Cafe,183 Karangahape Rd,4.5,-1,5,9,102.26331206194325,"-36.857278,174.760303"
Gemmayze St,Karangahape Rd,4.5,-1,11,9,111.41729745921936,"-36.857285919383,174.760139210178"
Depot,86 Federal St,4.5,3,294,10,749.7659398838351,"-36.8489969,174.7625058"
Federal Delicatessen,86 Federal St,4.5,2,201,10,749.7659398838351,"-36.8489969,174.7625058"
Elliott Stables,39 Elliott St,4.5,2,72,10,681.6016030769239,"-36.8502509,174.7636168"
Odettes Eatery,90 Wellesley St West,4.5,2,45,10,595.6833761831085,"-36.84943,174.75905"
Le garde-manger,466 Queen St,4.5,2,33,10,332.4961562199354,"-36.8558117,174.7625738"
Tanuki's Cave,319b Queen Street,4.0,2,32,10,412.31518066834235,"-36.8535713,174.76316"
Da Vinci's Restaurant,5 City Rd,4.0,2,20,10,495.3712237853368,"-36.856983,174.763992"
Tony's Steak and Seafood,27 Wellesley St,4.0,3,45,10,648.1578301784025,"-36.8503720182206,174.763190593144"
Yummy Dumpling House,458 Queen St,4.5,-1,4,10,337.07230414260954,"-36.85558,174.7627"
Between Cafe & Eatery,82 Karangahape Rd,5.0,2,26,10,424.29009524745754,"-36.8581,174.7619"
Da Vinci's Restaurant,5 City Rd,4.0,2,20,11,138.98862462484416,"-36.856983,174.763992"
Eight at Cordis,83 Symonds St,4.0,4,36,11,86.86122786060712,"-36.8574758965518,174.763995409012"
Between Cafe & Eatery,82 Karangahape Rd,5.0,2,26,11,153.40721965031258,"-36.8581,174.7619"
Le garde-manger,466 Queen St,4.5,2,33,11,281.09189800071556,"-36.8558117,174.7625738"
Elliott Stables,39 Elliott St,4.5,2,72,11,883.5650725199304,"-36.8502509,174.7636168"
Yummy Dumpling House,458 Queen St,4.5,-1,4,11,303.30945731389534,"-36.85558,174.7627"
Tanuki's Cave,319b Queen Street,4.0,2,32,11,515.9795232560656,"-36.8535713,174.76316"
Fujisan,474 Queen St,4.5,2,7,11,272.1898009237593,"-36.8559223,174.7624898"
Shaolin Kung Fu Noodle,486 Queen St,4.5,-1,5,11,247.22646004898763,"-36.8562,174.76242"
Number 5 Restaurant,5 City Road,5.0,4,10,11,137.2199083899557,"-36.856997,174.7639798"
Depot,86 Federal St,4.5,3,294,12,487.945505925536,"-36.8489969,174.7625058"
Mamak,50 Kitchener St,4.5,1,60,12,177.27556237855077,"-36.848316,174.76767"
Amano,66 - 68 Tyler St,4.5,3,67,12,375.6761621818655,"-36.844498,174.7703587"
Federal Delicatessen,86 Federal St,4.5,2,201,12,487.945505925536,"-36.8489969,174.7625058"
The Shuckers Brothers,99 Quay St,4.5,-1,26,12,418.6079042540667,"-36.8430001224047,174.767044965976"
King Made Noodles,48 fort St,5.0,-1,8,12,171.57540106191342,"-36.84611,174.76898"
Dr Rudi's Rooftop Brewing Co.,Level 3,4.0,2,42,12,563.0244435994069,"-36.8427136774233,174.763424696142"
Federal & Wolfe,10 Federal St,4.5,2,92,12,334.63962631478523,"-36.8450102380783,174.764167070389"
Elliott Stables,39 Elliott St,4.5,2,72,12,503.57028566228547,"-36.8502509,174.7636168"
Culprit,12 Wyndham St,5.0,-1,6,12,193.76972747428124,"-36.8472807369516,174.765146102108"
Depot,86 Federal St,4.5,3,294,13,391.4844996438312,"-36.8489969,174.7625058"
Federal Delicatessen,86 Federal St,4.5,2,201,13,391.4844996438312,"-36.8489969,174.7625058"
Odettes Eatery,90 Wellesley St West,4.5,2,45,13,213.60303971390442,"-36.84943,174.75905"
Dr Rudi's Rooftop Brewing Co.,Level 3,4.0,2,42,13,728.0756893739535,"-36.8427136774233,174.763424696142"
Oyster And Chop,Market Square,4.0,3,54,13,651.8491786935951,"-36.8430815674653,174.76261156734"
Giraffe,85-87 Custom St West,4.5,-1,17,13,671.0814948849378,"-36.8432620522554,174.763249609362"
Elliott Stables,39 Elliott St,4.5,2,72,13,539.6893935656407,"-36.8502509,174.7636168"
The Brewers Co-Operative,128 Victoria St West,4.5,2,11,13,128.10086026204718,"-36.8478729852849,174.759786296195"
Baduzzi,10-26 Jellicoe St,4.5,3,73,13,774.2194683677559,"-36.8409671759782,174.757016396741"
1947 eatery,60 Federal St,4.5,3,27,13,414.02372302833203,"-36.84778,174.7629399"
Depot,86 Federal St,4.5,3,294,14,131.90693507775293,"-36.8489969,174.7625058"
Federal Delicatessen,86 Federal St,4.5,2,201,14,131.90693507775293,"-36.8489969,174.7625058"
Elliott Stables,39 Elliott St,4.5,2,72,14,157.1204718824795,"-36.8502509,174.7636168"
Odettes Eatery,90 Wellesley St West,4.5,2,45,14,311.95726999192766,"-36.84943,174.75905"
Tony's Steak and Seafood,27 Wellesley St,4.0,3,45,14,122.64361512326938,"-36.8503720182206,174.763190593144"
1947 eatery,60 Federal St,4.5,3,27,14,265.4820627284604,"-36.84778,174.7629399"
Dr Rudi's Rooftop Brewing Co.,Level 3,4.0,2,42,14,829.3314500113554,"-36.8427136774233,174.763424696142"
Giraffe,85-87 Custom St West,4.5,-1,17,14,766.6255444307849,"-36.8432620522554,174.763249609362"
Mamak,50 Kitchener St,4.5,1,60,14,551.9228072857841,"-36.848316,174.76767"
BannSang,1C/47 High St,4.5,2,55,14,447.03566253745043,"-36.8482228458385,174.766330253895"
Depot,86 Federal St,4.5,3,294,15,893.5733818239123,"-36.8489969,174.7625058"
Da Vinci's Restaurant,5 City Rd,4.0,2,20,15,181.1049915478634,"-36.856983,174.763992"
Federal Delicatessen,86 Federal St,4.5,2,201,15,893.5733818239123,"-36.8489969,174.7625058"
Eight at Cordis,83 Symonds St,4.0,4,36,15,188.28017771889893,"-36.8574758965518,174.763995409012"
Le garde-manger,466 Queen St,4.5,2,33,15,145.23486316439306,"-36.8558117,174.7625738"
Elliott Stables,39 Elliott St,4.5,2,72,15,767.1487643635819,"-36.8502509,174.7636168"
Between Cafe & Eatery,82 Karangahape Rd,5.0,2,26,15,120.08632229221918,"-36.8581,174.7619"
Yummy Dumpling House,458 Queen St,4.5,-1,4,15,173.4773668448196,"-36.85558,174.7627"
Fujisan,474 Queen St,4.5,2,7,15,131.04420003585787,"-36.8559223,174.7624898"
Tanuki's Cave,319b Queen Street,4.0,2,32,15,398.24194700164617,"-36.8535713,174.76316"
Woodpecker Hill,196 Parnell Rd,4.5,3,26,16,316.8270167232187,"-36.8546219,174.7801666"
Cibo,91 St George's Bay Rd,4.5,4,14,16,24.163535280246847,"-36.8523241686972,174.78277402209"
Rosie,82 Gladstone Rd,4.0,3,31,16,322.71904753686937,"-36.8523285321183,174.786130003631"
Di Mare,251 Parnell Rd,4.5,1,29,16,427.43178924016627,"-36.8558709,174.7805648"
Rumi,251 Parnell Rd,5.0,-1,5,16,426.3022876326274,"-36.8558681704461,174.78063415736"
Kopio,131 Parnell Rd,4.5,1,3,16,331.62418153459816,"-36.85373,174.7792"
Han,Shop G04A,4.5,-1,2,16,310.2863511862598,"-36.8525247771963,174.779023523588"
Simon & Lee,115 St Georges Bay Rd,4.0,-1,1,16,124.34073351352137,"-36.85123,174.78266"
Gion,Shop1,4.5,-1,3,16,302.23310802133443,"-36.8539972,174.7798125"
Fang,100 Parnell Rd,4.5,-1,3,16,273.09779213261305,"-36.85264,174.77891"
Depot,86 Federal St,4.5,3,294,17,671.4531330462605,"-36.8489969,174.7625058"
Mamak,50 Kitchener St,4.5,1,60,17,208.5036977228598,"-36.848316,174.76767"
Federal Delicatessen,86 Federal St,4.5,2,201,17,671.4531330462605,"-36.8489969,174.7625058"
Amano,66 - 68 Tyler St,4.5,3,67,17,432.426522872388,"-36.844498,174.7703587"
King Made Noodles,48 fort St,5.0,-1,8,17,268.33944809933587,"-36.84611,174.76898"
The Shuckers Brothers,99 Quay St,4.5,-1,26,17,653.5804026477041,"-36.8430001224047,174.767044965976"
Elliott Stables,39 Elliott St,4.5,2,72,17,605.9932958923946,"-36.8502509,174.7636168"
BannSang,1C/47 High St,4.5,2,55,17,328.05352363914625,"-36.8482228458385,174.766330253895"
That's Amore,1 Courthouse Ln,5.0,2,30,17,260.86430301631225,"-36.848159,174.767093"
Giraffe,85-87 Custom St West,4.5,-1,17,17,827.9966339945709,"-36.8432620522554,174.763249609362"
Depot,86 Federal St,4.5,3,294,18,592.871656525231,"-36.8489969,174.7625058"
Federal Delicatessen,86 Federal St,4.5,2,201,18,592.871656525231,"-36.8489969,174.7625058"
Elliott Stables,39 Elliott St,4.5,2,72,18,425.58868075686553,"-36.8502509,174.7636168"
Mamak,50 Kitchener St,4.5,1,60,18,493.81384271200466,"-36.848316,174.76767"
BannSang,1C/47 High St,4.5,2,55,18,509.28926540381605,"-36.8482228458385,174.766330253895"
1947 eatery,60 Federal St,4.5,3,27,18,661.696404351336,"-36.84778,174.7629399"
Tony's Steak and Seafood,27 Wellesley St,4.0,3,45,18,446.9560651089942,"-36.8503720182206,174.763190593144"
Tanuki's Cave,319b Queen Street,4.0,2,32,18,375.0111478852387,"-36.8535713,174.76316"
Nandos,360 Queen St,4.0,1,10,18,285.8172330618351,"-36.8527473,174.7640337"
That's Amore,1 Courthouse Ln,5.0,2,30,18,510.009901117329,"-36.848159,174.767093"
Depot,86 Federal St,4.5,3,294,19,745.1243008523338,"-36.8489969,174.7625058"
Federal Delicatessen,86 Federal St,4.5,2,201,19,745.1243008523338,"-36.8489969,174.7625058"
Elliott Stables,39 Elliott St,4.5,2,72,19,574.7974567827528,"-36.8502509,174.7636168"
Mamak,50 Kitchener St,4.5,1,60,19,650.4390007885663,"-36.848316,174.76767"
Da Vinci's Restaurant,5 City Rd,4.0,2,20,19,464.0569481405484,"-36.856983,174.763992"
BannSang,1C/47 High St,4.5,2,55,19,674.1095976973228,"-36.8482228458385,174.766330253895"
Tanuki's Cave,319b Queen Street,4.0,2,32,19,421.4081804716264,"-36.8535713,174.76316"
Tony's Steak and Seafood,27 Wellesley St,4.0,3,45,19,590.5739619252315,"-36.8503720182206,174.763190593144"
1947 eatery,60 Federal St,4.5,3,27,19,822.7370365896231,"-36.84778,174.7629399"
Eight at Cordis,83 Symonds St,4.0,4,36,19,502.4979753930296,"-36.8574758965518,174.763995409012"
Eight at Cordis,83 Symonds St,4.0,4,36,20,594.5993908389333,"-36.8574758965518,174.763995409012"
Da Vinci's Restaurant,5 City Rd,4.0,2,20,20,633.0187784371957,"-36.856983,174.763992"
Between Cafe & Eatery,82 Karangahape Rd,5.0,2,26,20,708.115092820641,"-36.8581,174.7619"
Ramen Do,167 Symonds St,4.0,1,9,20,711.7770909774897,"-36.8625720831639,174.761156665696"
Le garde-manger,466 Queen St,4.5,2,33,20,814.3591002769952,"-36.8558117,174.7625738"
Jewel of Bombay,9 Park Rd,5.0,1,3,20,168.2061118638746,"-36.8606467,174.7671995"
Cafe Crema,59 Park Rd,4.0,1,1,20,34.78812999187649,"-36.8611423324067,174.768553594025"
Kazuya,193 Symonds Street,4.5,4,6,20,743.6632771690049,"-36.8631794,174.7610007"
Fujisan,474 Queen St,4.5,2,7,20,810.8312836074167,"-36.8559223,174.7624898"
Number 5 Restaurant,5 City Road,5.0,4,10,20,632.6561937642397,"-36.856997,174.7639798"
Tatsumi,73 Davis Crescent,4.5,3,7,21,215.1998275166459,"-36.8669783,174.777434"
Archie's,61 Davis Crescent,4.0,2,21,21,215.1998275166459,"-36.8669783,174.777434"
Safran Cafe,71 Davis Crescent,4.0,2,6,21,138.6196567281867,"-36.8659760680116,174.777872761377"
Heizo,1-3 Short Street,4.5,2,4,21,181.618386891857,"-36.7874298,175.0293427"
Selera,487 Khyber Pass Rd,4.0,2,37,21,276.87817564058537,"-36.8675931,174.7772327"
Burger Burger,3 York St,4.5,2,38,21,317.462141261197,"-36.867980969335,174.776714238036"
Hua's Restaurant,408-410 Khyber Pass Road,5.0,-1,1,21,235.0991188978321,"-36.8672079131926,174.776272214949"
Eduardos,483 Khyber Pass Road,4.0,2,7,21,274.3989665209506,"-36.8675571,174.7772625"
Tribeca,8 George St,3.5,3,4,21,285.6079356488983,"-36.8636078612984,174.779322647158"
Domain & Ayr,492 Parnell Rd,4.5,2,15,21,571.7838574933303,"-36.8622121814254,174.782028747843"
Woodpecker Hill,196 Parnell Rd,4.5,3,26,22,54.10570525692756,"-36.8546219,174.7801666"
Di Mare,251 Parnell Rd,4.5,1,29,22,192.10662827139205,"-36.8558709,174.7805648"
Rumi,251 Parnell Rd,5.0,-1,5,22,192.44679578972094,"-36.8558681704461,174.78063415736"
Oh Calcutta,149-155 Parnell Rd,4.5,2,15,22,37.419178888440264,"-36.8540688,174.7793427"
Kopio,131 Parnell Rd,4.5,1,3,22,80.56184316557513,"-36.85373,174.7792"
Parnell 149,149 Parnell Rd,3.5,-1,7,22,47.59975528814758,"-36.85407,174.77934"
Gion,Shop1,4.5,-1,3,22,30.34336861017574,"-36.8539972,174.7798125"
Cibo,91 St George's Bay Rd,4.5,4,14,22,341.53593356878594,"-36.8523241686972,174.78277402209"
La Porchetta,167-171 Parnell Rd,3.0,2,14,22,16.594687400740828,"-36.8543587,174.7796021"
Han,Shop G04A,4.5,-1,2,22,206.11038334344377,"-36.8525247771963,174.779023523588"
Woodpecker Hill,196 Parnell Rd,4.5,3,26,23,505.07142538090085,"-36.8546219,174.7801666"
Divino Bistro,15 Nicholls Lane,5.0,-1,1,23,30.454542374342203,"-36.8534257,174.7748592"
Di Mare,251 Parnell Rd,4.5,1,29,23,592.0857584205859,"-36.8558709,174.7805648"
Kopio,131 Parnell Rd,4.5,1,3,23,389.08040275418796,"-36.85373,174.7792"
Han,Shop G04A,4.5,-1,2,23,374.2709622382123,"-36.8525247771963,174.779023523588"
Rumi,251 Parnell Rd,5.0,-1,5,23,593.5170059656474,"-36.8558681704461,174.78063415736"
Oh Calcutta,149-155 Parnell Rd,4.5,2,15,23,417.1484495889855,"-36.8540688,174.7793427"
Amano,66 - 68 Tyler St,4.5,3,67,23,1043.4729866757457,"-36.844498,174.7703587"
Cibo,91 St George's Bay Rd,4.5,4,14,23,707.4273301982961,"-36.8523241686972,174.78277402209"
Fang,100 Parnell Rd,4.5,-1,3,23,411.1910127542473,"-36.85264,174.77891"
Baduzzi,10-26 Jellicoe St,4.5,3,73,24,173.00387947096888,"-36.8409671759782,174.757016396741"
The Good Luck Coconut,39 Jellicoe St,4.5,-1,4,24,172.7603805359957,"-36.95409,174.84342"
Dr Rudi's Rooftop Brewing Co.,Level 3,4.0,2,42,24,775.4109856754612,"-36.8427136774233,174.763424696142"
Giraffe,85-87 Custom St West,4.5,-1,17,24,782.6059218541429,"-36.8432620522554,174.763249609362"
Oyster And Chop,Market Square,4.0,3,54,24,722.5238831912125,"-36.8430815674653,174.76261156734"
Hello Beasty,95-97 Customs Street W,4.5,-1,13,24,709.7652352333905,"-36.8431763335408,174.762401189647"
Depot,86 Federal St,4.5,3,294,24,1149.501280036481,"-36.8489969,174.7625058"
Merchants of Venice,37-49 Jellicoe Street,4.0,3,10,24,43.69303037681532,"-36.8401133,174.7553057"
Swashbucklers,23B Westhaven Dr,4.0,2,30,24,475.35177891313873,"-36.8438017858805,174.751788238828"
16 Tun,20 Jellicoe St,4.0,2,22,24,209.66410403647288,"-36.8411196586715,174.757386800179"
Baduzzi,10-26 Jellicoe St,4.5,3,73,25,134.5118998978709,"-36.8409671759782,174.757016396741"
The Good Luck Coconut,39 Jellicoe St,4.5,-1,4,25,162.11101232235038,"-36.95409,174.84342"
Depot,86 Federal St,4.5,3,294,25,976.8900286956044,"-36.8489969,174.7625058"
Dr Rudi's Rooftop Brewing Co.,Level 3,4.0,2,42,25,662.9988832060787,"-36.8427136774233,174.763424696142"
Oyster And Chop,Market Square,4.0,3,54,25,599.078893481996,"-36.8430815674653,174.76261156734"
Giraffe,85-87 Custom St West,4.5,-1,17,25,658.9210867311792,"-36.8432620522554,174.763249609362"
Hello Beasty,95-97 Customs Street W,4.5,-1,13,25,583.3185811672031,"-36.8431763335408,174.762401189647"
Soul,Customs St West,4.5,4,56,25,625.338041840826,"-36.8431576105319,174.762892557178"
16 Tun,20 Jellicoe St,4.0,2,22,25,147.21178071485744,"-36.8411196586715,174.757386800179"
Swashbucklers,23B Westhaven Dr,4.0,2,30,25,434.15367359918474,"-36.8438017858805,174.751788238828"
Depot,86 Federal St,4.5,3,294,26,526.859136918671,"-36.8489969,174.7625058"
Odettes Eatery,90 Wellesley St West,4.5,2,45,26,229.10986074325137,"-36.84943,174.75905"
Federal Delicatessen,86 Federal St,4.5,2,201,26,526.859136918671,"-36.8489969,174.7625058"
Elliott Stables,39 Elliott St,4.5,2,72,26,658.2219474278858,"-36.8502509,174.7636168"
Baduzzi,10-26 Jellicoe St,4.5,3,73,26,808.6482326403257,"-36.8409671759782,174.757016396741"
The Brewers Co-Operative,128 Victoria St West,4.5,2,11,26,280.8871621910114,"-36.8478729852849,174.759786296195"
Giraffe,85-87 Custom St West,4.5,-1,17,26,805.7722342476859,"-36.8432620522554,174.763249609362"
Oyster And Chop,Market Square,4.0,3,54,26,780.0792201651035,"-36.8430815674653,174.76261156734"
Dr Rudi's Rooftop Brewing Co.,Level 3,4.0,2,42,26,859.6046748203444,"-36.8427136774233,174.763424696142"
Hello Beasty,95-97 Customs Street W,4.5,-1,13,26,759.6635803245645,"-36.8431763335408,174.762401189647"
Amano,66 - 68 Tyler St,4.5,3,67,27,99.73504977256134,"-36.844498,174.7703587"
Brew On Quay,102 Quay St,4.0,2,28,27,96.32703317301171,"-36.8444724,174.7706874"
King Made Noodles,48 fort St,5.0,-1,8,27,180.41006065805783,"-36.84611,174.76898"
The Shuckers Brothers,99 Quay St,4.5,-1,26,27,420.13563245659236,"-36.8430001224047,174.767044965976"
Mexico,23 Britomart Pl,3.5,2,74,27,43.86094670180103,"-36.8452698,174.7702693"
Depot,86 Federal St,4.5,3,294,27,839.2985991253676,"-36.8489969,174.7625058"
Mamak,50 Kitchener St,4.5,1,60,27,430.21244326721705,"-36.848316,174.76767"
Ostro Brasserie and Bar,"Seafarers Building, Britomart",4.5,3,44,27,115.5676717219202,"-36.8444457218739,174.770086939294"
Fukuko,43 Tyler St,4.5,2,14,27,141.89985576543054,"-36.8443505691605,174.769743309382"
Chargrill,101 Customs Street East,4.5,1,27,27,101.49177905153284,"-36.8456245,174.7696725"
